city,Country,Date,latitude,longitude,Max Temperature,Humidity,Cloudiness,Wind_Speed
neiafu,US,2018-11-11 22:15:00,44.67,-103.85,19.4,85,10.29,90
neiafu,US,2018-11-11 21:56:00,19.71,-155.08,73.94,73,6.93,90
neiafu,CK,2018-11-11 22:00:00,-21.21,-159.78,77.0,78,10.29,40
neiafu,PT,2018-11-11 22:32:19,38.52,-28.7,66.52,97,13.94,76
neiafu,UY,2018-11-11 22:32:32,-33.69,-53.46,68.82,96,15.39,88
neiafu,AR,2018-11-11 22:00:00,-54.81,-68.31,50.0,66,18.34,75
neiafu,CA,2018-11-11 22:01:00,49.79,-92.84,15.8,78,6.93,90
neiafu,PF,2018-11-11 22:31:38,-23.12,-134.97,71.74,100,9.53,12
neiafu,NZ,2018-11-11 22:32:36,-46.19,168.86,53.92,83,7.56,92
neiafu,MX,2018-11-11 22:32:37,18.62,-100.35,58.56,83,2.04,0
neiafu,RU,2018-11-11 22:32:38,70.62,147.9,-21.82,32,2.98,0
neiafu,BR,2018-11-11 21:00:00,-15.29,-39.07,73.4,100,2.24,75
neiafu,RU,2018-11-11 22:32:40,67.8,130.41,-20.47,28,2.82,0
neiafu,IR,2018-11-11 21:00:00,36.28,50.01,46.4,100,4.7,90
neiafu,ZA,2018-11-11 22:32:41,-28.55,16.43,56.49,100,2.26,44
neiafu,AU,2018-11-11 22:00:00,-42.88,147.33,60.8,63,18.34,0
neiafu,MX,2018-11-11 22:32:43,23.99,-104.67,51.09,76,5.61,44
neiafu,ID,2018-11-11 22:32:46,0.12,117.47,85.02,93,6.4,32
neiafu,NZ,2018-11-11 22:32:47,-35.1,173.78,64.32,65,4.72,44
neiafu,ET,2018-11-11 21:00:00,8.96,38.73,59.0,77,10.29,75
neiafu,AU,2018-11-11 22:32:49,-33.64,115.35,67.42,90,13.78,36
neiafu,US,2018-11-11 21:54:00,42.65,-73.75,30.92,75,2.26,90
neiafu,TL,2018-11-11 22:32:51,-8.93,125.41,84.21,53,1.03,32
neiafu,GL,2018-11-11 22:31:32,60.14,-45.24,36.1,88,36.98,88
neiafu,RU,2018-11-11 22:32:53,71.98,102.47,-14.3,65,5.28,56
neiafu,US,2018-11-11 21:56:00,45.52,-122.67,51.08,40,19.46,20
neiafu,NO,2018-11-11 21:50:00,78.22,15.63,21.2,57,19.46,20
neiafu,US,2018-11-11 21:56:00,39.31,-74.98,35.96,92,2.98,1
neiafu,FR,2018-11-11 22:00:00,44.9,-0.72,51.8,100,3.36,90
neiafu,AU,2018-11-11 22:32:15,-33.21,138.6,87.13,18,13.27,44
neiafu,CN,2018-11-11 22:33:01,27.8,114.93,58.29,100,7.85,92
neiafu,CA,2018-11-11 22:15:00,45.36,-73.48,26.6,81,2.86,90
neiafu,PE,2018-11-11 22:00:00,-13.71,-76.2,64.4,82,4.7,0
neiafu,PG,2018-11-11 22:33:03,-2.67,141.3,84.66,100,10.25,0
neiafu,ZA,2018-11-11 22:00:00,-34.53,20.04,66.2,82,5.82,90
neiafu,ZA,2018-11-11 22:25:00,-33.93,18.42,60.8,82,5.82,40
neiafu,AR,2018-11-11 22:33:07,-38.31,-60.23,59.59,97,16.58,92
neiafu,AU,2018-11-11 22:32:18,-23.58,149.07,88.84,27,11.36,12
neiafu,AU,2018-11-11 22:00:00,-25.24,130.99,95.0,9,14.99,88
neiafu,NO,2018-11-11 21:50:00,61.99,5.14,48.2,93,12.75,75
neiafu,GL,2018-11-11 21:50:00,69.22,-51.1,8.6,65,9.17,0
neiafu,CL,2018-11-11 22:00:00,-53.16,-70.91,51.8,53,20.8,40
neiafu,KZ,2018-11-11 22:30:52,48.68,71.64,7.48,82,4.61,20
neiafu,RU,2018-11-11 22:33:15,44.63,135.35,37.99,55,8.12,0
neiafu,KI,2018-11-11 22:33:15,3.07,172.79,85.11,100,10.13,92
neiafu,BR,2018-11-11 22:33:16,-5.2,-35.46,76.96,96,12.03,24
neiafu,MX,2018-11-11 21:41:00,20.71,-105.21,73.4,88,4.7,75
neiafu,AU,2018-11-11 22:33:18,-34.5,137.49,80.2,44,10.54,76
neiafu,NG,2018-11-11 21:00:00,5.43,7.07,73.4,100,3.2,40
neiafu,GL,2018-11-11 21:50:00,65.61,-37.64,33.8,55,21.92,92
neiafu,ES,2018-11-11 22:00:00,37.47,-4.43,55.4,93,2.24,20
neiafu,ML,2018-11-11 22:33:22,18.44,1.41,54.55,33,5.28,8
neiafu,CA,2018-11-11 21:00:00,69.44,-133.03,8.6,71,10.29,90
neiafu,GL,2018-11-11 22:29:11,77.48,-69.36,1.9,100,10.09,76
neiafu,AR,2018-11-11 22:33:25,-38.55,-58.74,59.64,97,17.18,92
neiafu,TZ,2018-11-11 22:00:00,-6.04,36.03,75.2,69,6.93,20
neiafu,SO,2018-11-11 22:33:28,9.49,50.81,81.73,100,12.88,0
neiafu,RU,2018-11-11 22:33:34,65.73,150.89,-13.0,62,5.73,0
neiafu,CA,2018-11-11 22:31:00,47.66,-52.73,32.0,100,33.33,90
neiafu,CA,2018-11-11 22:33:36,49.63,-105.99,9.06,80,7.85,48
neiafu,GY,2018-11-11 21:00:00,6.8,-58.16,73.4,94,1.12,0
neiafu,AU,2018-11-11 22:00:00,-23.7,133.88,98.6,12,8.05,0
neiafu,US,2018-11-11 22:15:00,36.12,-97.06,42.98,66,8.05,90
neiafu,RU,2018-11-11 22:30:27,73.51,80.55,3.57,100,1.52,20
neiafu,PF,2018-11-11 22:33:42,-9.8,-139.03,80.56,100,12.55,76
neiafu,BF,2018-11-11 22:33:43,14.03,-0.03,63.42,62,2.82,0
neiafu,RU,2018-11-11 22:33:44,47.88,134.96,33.85,97,4.09,88
neiafu,BD,2018-11-11 22:33:45,20.86,92.31,84.16,77,3.53,0
neiafu,MN,2018-11-11 22:29:14,49.49,105.92,40.24,43,3.2,0
neiafu,NU,2018-11-11 22:00:00,-19.06,-169.92,77.0,88,5.82,44
neiafu,IN,2018-11-11 22:33:47,24.03,84.07,76.78,77,4.5,0
neiafu,RU,2018-11-11 22:33:48,54.05,47.12,11.08,73,3.31,0
neiafu,NE,2018-11-11 22:33:49,18.74,7.39,53.74,42,3.2,0
neiafu,RU,2018-11-11 22:33:50,51.8,143.14,36.91,100,17.63,92
neiafu,US,2018-11-11 21:56:00,27.97,-82.8,75.02,87,11.41,1
neiafu,US,2018-11-11 21:55:00,33.19,-82.53,53.6,71,3.36,40
neiafu,RU,2018-11-11 21:30:00,59.7,30.79,33.8,74,8.95,90
neiafu,RU,2018-11-11 22:31:00,53.78,73.88,14.59,79,15.79,76
neiafu,PF,2018-11-11 22:33:55,-16.48,-151.75,81.1,100,15.39,36
neiafu,US,2018-11-11 21:56:00,30.44,-86.61,62.96,79,5.82,90
neiafu,NO,2018-11-11 21:50:00,71.03,27.85,42.8,75,21.92,0
neiafu,IN,2018-11-11 22:33:58,24.85,79.93,82.36,45,4.21,0
neiafu,RU,2018-11-11 22:31:50,69.7,170.27,-1.57,100,10.54,0
neiafu,RU,2018-11-11 22:31:50,68.05,39.51,31.24,93,20.38,48
neiafu,CA,2018-11-11 22:01:00,50.1,-91.92,17.6,78,6.93,90
neiafu,MX,2018-11-11 22:34:04,27.97,-114.04,63.28,68,13.67,0
neiafu,IN,2018-11-11 22:34:05,15.34,74.49,90.28,29,7.34,0
neiafu,JP,2018-11-11 22:00:00,33.93,134.5,57.2,82,3.36,75
neiafu,BR,2018-11-11 22:34:07,-30.17,-50.22,68.77,96,15.39,8
neiafu,IN,2018-11-11 22:34:08,26.08,81.05,81.01,53,4.27,0
neiafu,CN,2018-11-11 22:34:09,26.24,117.6,62.34,100,1.74,92
neiafu,NZ,2018-11-11 22:34:10,-36.83,175.7,60.76,100,7.0,64
neiafu,MX,2018-11-11 22:34:11,27.52,-110.01,60.49,76,2.48,0
neiafu,MG,2018-11-11 22:34:12,-25.17,45.06,76.69,61,15.95,12
neiafu,MN,2018-11-11 22:34:13,48.81,103.53,42.67,36,5.1,24
neiafu,NZ,2018-11-11 22:34:20,-46.13,167.69,55.41,87,8.9,64
neiafu,MU,2018-11-11 22:00:00,-20.34,57.76,82.4,65,14.99,40
neiafu,PG,2018-11-11 22:29:35,-2.57,150.8,84.57,100,6.33,48
neiafu,RU,2018-11-11 22:34:22,58.97,126.27,17.97,81,3.71,0
neiafu,CN,2018-11-11 22:34:23,40.09,113.3,46.9,56,4.09,0
neiafu,US,2018-11-11 21:48:00,43.52,-114.32,21.2,73,9.17,5
neiafu,GL,2018-11-11 22:34:25,72.79,-56.15,18.37,100,4.38,36
neiafu,RU,2018-11-11 22:34:26,67.46,153.71,-23.89,36,2.3,0
neiafu,US,2018-11-11 21:57:00,21.35,-158.09,75.92,68,4.7,20
neiafu,MV,2018-11-11 22:34:28,-0.6,73.08,83.62,99,15.84,8
neiafu,CA,2018-11-11 21:00:00,62.45,-114.38,10.4,85,5.82,90
neiafu,NO,2018-11-11 21:50:00,71.0,24.66,41.0,80,14.99,75
neiafu,AU,2018-11-11 22:00:00,-42.78,147.06,60.8,63,18.34,0
neiafu,AR,2018-11-11 22:34:32,-46.43,-67.52,54.37,78,7.63,0
neiafu,BR,2018-11-11 22:00:00,-9.67,-35.74,71.6,94,3.36,40
neiafu,CL,2018-11-11 22:34:34,-28.58,-70.76,43.3,91,0.85,8
neiafu,RU,2018-11-11 22:34:35,58.81,41.03,12.16,82,12.77,0
neiafu,BR,2018-11-11 22:34:36,-0.41,-65.02,79.21,90,0.58,12
neiafu,ES,2018-11-11 22:00:00,43.27,-7.54,46.4,93,6.93,0
neiafu,GL,2018-11-11 21:50:00,60.91,-46.05,42.8,35,19.46,92
neiafu,RU,2018-11-11 22:34:40,66.83,70.83,30.21,100,12.33,88
neiafu,US,2018-11-11 22:05:00,36.68,-101.48,31.82,88,14.99,90
neiafu,US,2018-11-11 21:56:00,22.08,-159.32,75.02,64,20.8,75
neiafu,EC,2018-11-11 22:00:00,-0.39,-78.55,55.4,93,4.7,75
neiafu,BR,2018-11-11 22:34:44,-22.97,-42.02,72.28,99,11.88,48
neiafu,CL,2018-11-11 22:34:44,-41.87,-73.83,45.19,86,2.08,8
neiafu,NO,2018-11-11 21:50:00,70.95,27.35,42.8,75,21.92,0
neiafu,SE,2018-11-11 21:50:00,56.16,15.59,48.2,100,3.36,90
neiafu,AR,2018-11-11 22:34:47,-26.79,-60.44,75.25,89,13.44,48
neiafu,US,2018-11-11 21:53:00,39.95,-94.76,30.92,72,11.41,90
neiafu,AU,2018-11-11 22:34:49,-20.74,116.85,101.08,11,2.98,0
neiafu,PT,2018-11-11 22:00:00,39.21,-8.63,50.0,100,5.82,90
neiafu,RU,2018-11-11 22:34:51,56.54,89.31,-3.1,74,14.05,20
neiafu,ZA,2018-11-11 22:34:58,-26.89,28.1,74.17,50,9.8,0
neiafu,FR,2018-11-11 22:00:00,47.55,-2.56,51.8,93,10.29,90
neiafu,TT,2018-11-11 22:00:00,10.24,-61.45,77.0,94,5.32,20
neiafu,RU,2018-11-11 22:35:02,67.55,63.78,34.89,96,15.12,92
neiafu,PT,2018-11-11 22:00:00,37.14,-8.45,57.2,100,6.93,20
neiafu,PE,2018-11-11 22:00:00,-3.75,-73.25,77.0,94,3.36,0
neiafu,RU,2018-11-11 22:35:07,49.24,135.18,37.09,80,3.49,76
neiafu,AU,2018-11-11 22:00:00,-28.65,153.62,73.4,56,19.46,0
neiafu,RU,2018-11-11 22:33:13,65.44,52.15,29.62,83,9.42,92
neiafu,AO,2018-11-11 22:35:09,-6.13,12.37,78.36,88,4.05,56
neiafu,ET,2018-11-11 22:35:10,8.25,34.59,70.84,75,4.32,56
neiafu,CL,2018-11-11 22:00:00,-29.95,-71.34,59.0,87,8.05,75
neiafu,RU,2018-11-11 21:30:00,64.42,-173.23,28.4,63,15.66,75
neiafu,IN,2018-11-11 22:35:14,14.97,75.04,88.84,35,8.63,0
neiafu,BM,2018-11-11 21:55:00,32.3,-64.78,69.8,88,14.99,90
neiafu,RU,2018-11-11 22:35:16,50.72,136.64,33.49,90,8.41,92
neiafu,ZA,2018-11-11 22:35:18,-33.59,26.89,71.92,81,18.07,36
neiafu,BR,2018-11-11 22:00:00,-3.71,-38.6,80.6,78,12.75,20
neiafu,MX,2018-11-11 22:35:20,15.86,-97.07,83.76,100,12.26,0
neiafu,BR,2018-11-11 22:35:21,-8.26,-49.26,77.01,78,6.22,12
neiafu,NG,2018-11-11 22:35:22,12.17,6.66,59.95,30,7.34,0
neiafu,AO,2018-11-11 21:00:00,-12.91,15.25,62.6,88,3.36,0
neiafu,RU,2018-11-11 22:35:24,68.75,161.3,-5.21,70,6.4,0
neiafu,RU,2018-11-11 21:00:00,53.96,48.79,8.6,84,2.24,44
neiafu,PT,2018-11-11 22:35:23,40.36,-7.35,43.57,97,4.38,68
neiafu,PY,2018-11-11 22:35:28,-26.98,-56.83,76.96,70,5.77,8
neiafu,NC,2018-11-11 22:00:00,-21.69,165.68,80.6,54,8.05,90
neiafu,FR,2018-11-11 22:00:00,41.59,9.28,59.0,82,8.05,20
neiafu,JP,2018-11-11 22:00:00,35.73,140.83,66.2,82,1.12,75
neiafu,BR,2018-11-11 22:00:00,-20.67,-40.5,73.4,94,1.12,75
neiafu,RU,2018-11-11 22:35:32,53.89,53.93,6.09,66,2.86,0
neiafu,IR,2018-11-11 21:00:00,38.25,48.3,44.6,87,9.17,90
neiafu,CA,2018-11-11 22:00:00,50.7,-127.42,39.2,93,4.7,40
neiafu,CA,2018-11-11 22:15:00,49.76,-94.48,17.6,92,9.17,90
neiafu,CA,2018-11-11 21:00:00,68.22,-135.01,8.6,84,9.17,90
neiafu,CA,2018-11-11 22:00:00,60.72,-135.06,41.0,65,19.46,90
neiafu,CA,2018-11-11 22:00:00,53.82,-101.24,12.2,78,11.41,90
neiafu,GL,2018-11-11 21:50:00,60.72,-46.03,42.8,35,19.46,92
neiafu,UA,2018-11-11 22:35:49,46.77,34.99,32.82,66,15.57,36
neiafu,US,2018-11-11 22:15:00,33.91,-98.49,46.04,77,12.75,90
neiafu,CA,2018-11-11 22:00:00,49.72,-86.95,15.8,85,2.59,90
neiafu,ZA,2018-11-11 22:35:53,-28.77,32.06,72.82,69,14.94,0
neiafu,GB,2018-11-11 21:50:00,58.98,-2.96,48.2,93,10.29,24
neiafu,EE,2018-11-11 22:35:55,59.1,26.19,35.52,87,15.39,88
neiafu,AU,2018-11-11 22:00:00,-32.83,151.35,71.6,60,16.11,20
neiafu,CA,2018-11-11 22:00:00,65.28,-126.83,8.6,92,6.06,75
neiafu,ES,2018-11-11 22:16:00,43.2,-8.36,46.4,93,6.93,0
neiafu,JP,2018-11-11 21:00:00,43.32,145.57,51.8,50,6.93,20
neiafu,CA,2018-11-11 22:36:02,55.43,-116.48,18.91,86,5.06,36
neiafu,AU,2018-11-11 22:00:00,-32.25,148.6,86.0,20,3.36,0
neiafu,IN,2018-11-11 22:36:14,30.78,78.62,54.46,65,1.97,0
neiafu,EC,2018-11-11 22:36:15,-0.74,-90.35,71.16,100,13.15,20
neiafu,BN,2018-11-11 22:00:00,5.28,115.24,87.8,74,6.93,75
neiafu,BS,2018-11-11 22:36:19,26.54,-77.06,80.29,100,14.45,68
neiafu,TH,2018-11-11 22:00:00,7.89,98.4,89.6,55,11.41,20
neiafu,AU,2018-11-11 22:36:21,-41.05,145.91,58.74,94,10.02,68
neiafu,RU,2018-11-11 22:36:22,55.65,109.32,11.76,78,3.6,68
neiafu,BR,2018-11-11 22:36:24,-17.73,-39.27,75.25,100,14.67,80
neiafu,PG,2018-11-11 22:36:25,-3.66,152.44,85.24,97,8.75,48
neiafu,PH,2018-11-11 22:36:27,13.96,122.02,82.0,98,16.62,56
neiafu,MM,2018-11-11 22:36:28,16.26,97.73,90.55,69,1.81,0
neiafu,US,2018-11-11 21:56:00,20.89,-156.47,75.92,68,10.29,20
neiafu,US,2018-11-11 22:15:00,30.04,-94.42,55.04,90,6.93,90
neiafu,US,2018-11-11 21:56:00,43.97,-111.68,21.02,61,6.93,1
neiafu,GR,2018-11-11 21:50:00,39.45,22.34,48.2,87,8.05,40
neiafu,RU,2018-11-11 21:50:00,61.05,28.93,39.2,80,8.05,90
neiafu,CL,2018-11-11 22:32:24,-42.48,-73.76,42.4,93,1.74,0
neiafu,US,2018-11-11 22:00:00,40.8,-124.16,50.0,39,11.41,1
neiafu,TH,2018-11-11 22:00:00,8.18,99.85,86.0,74,8.05,40
neiafu,CL,2018-11-11 22:00:00,-33.73,-70.74,57.2,50,6.93,75
neiafu,TR,2018-11-11 21:50:00,42.03,35.15,53.6,81,1.12,90
neiafu,SL,2018-11-11 22:36:49,7.62,-11.83,72.01,99,2.59,20
neiafu,IN,2018-11-11 22:36:50,20.09,73.93,87.13,31,7.23,0
neiafu,SO,2018-11-11 22:37:00,5.35,48.53,84.34,76,10.54,8
neiafu,BR,2018-11-11 22:37:01,-20.63,-46.0,63.82,99,4.54,92
neiafu,NA,2018-11-11 22:00:00,-26.65,15.16,57.2,93,4.7,24
neiafu,US,2018-11-11 22:17:00,41.75,-86.11,32.0,71,3.36,40
neiafu,US,2018-11-11 21:58:00,34.64,-120.46,50.9,76,8.05,1
neiafu,ZA,2018-11-11 22:37:11,-30.97,22.13,72.46,28,4.5,0
neiafu,RU,2018-11-11 22:37:17,71.64,128.87,-3.5,64,12.55,0
neiafu,CN,2018-11-11 22:37:18,36.98,120.7,57.43,58,5.55,20
neiafu,MY,2018-11-11 22:00:00,5.16,100.43,86.0,74,9.17,75
neiafu,TR,2018-11-11 21:50:00,38.07,30.16,37.4,100,2.24,0
neiafu,AU,2018-11-11 22:37:23,-12.05,134.23,88.89,68,14.61,0
neiafu,RU,2018-11-11 22:37:25,52.16,46.96,15.31,78,7.11,0
neiafu,US,2018-11-11 22:18:00,46.54,-87.4,26.06,89,4.7,90
neiafu,OM,2018-11-11 22:37:29,22.57,59.53,83.17,88,4.76,0
neiafu,RU,2018-11-11 22:00:00,58.1,57.12,17.6,61,11.18,0
neiafu,PH,2018-11-11 22:37:38,11.0,122.67,86.19,68,13.11,36
neiafu,CA,2018-11-11 22:00:00,53.65,-115.58,19.4,100,2.82,90
neiafu,CF,2018-11-11 22:37:43,5.02,25.13,77.41,84,3.71,8
neiafu,PL,2018-11-11 22:00:00,53.12,18.0,39.2,100,5.82,0
neiafu,RU,2018-11-11 22:37:46,69.38,178.42,5.64,100,7.85,8
neiafu,NZ,2018-11-11 22:37:52,-46.28,169.85,53.11,100,4.83,92
neiafu,TH,2018-11-11 22:00:00,9.96,98.62,89.6,66,9.17,75
neiafu,BW,2018-11-11 22:37:54,-26.02,22.4,84.16,12,12.26,0
neiafu,RU,2018-11-11 22:00:00,53.05,158.65,39.2,55,11.18,40
neiafu,RU,2018-11-11 22:37:57,61.68,96.39,-11.47,71,10.02,56
neiafu,FR,2018-11-11 22:03:00,50.18,3.24,50.0,100,4.7,92
neiafu,RU,2018-11-11 22:37:59,71.97,114.09,-12.68,60,13.82,24
neiafu,NG,2018-11-11 22:38:02,4.92,6.26,74.17,91,3.09,20
neiafu,AI,2018-11-11 22:00:00,18.22,-63.06,78.8,83,10.29,40
neiafu,NG,2018-11-11 22:38:04,12.81,11.04,63.42,30,6.62,0
neiafu,PG,2018-11-11 22:38:05,-5.21,145.81,78.99,100,3.6,36
neiafu,SA,2018-11-11 22:00:00,17.54,44.22,80.6,28,3.53,0
neiafu,TM,2018-11-11 22:00:00,42.05,59.39,32.0,66,18.34,75
neiafu,RU,2018-11-11 22:38:11,68.06,166.44,-18.35,52,2.3,8
neiafu,CD,2018-11-11 22:38:13,-4.99,12.94,72.96,100,3.09,92
neiafu,US,2018-11-11 22:16:00,37.23,-80.01,30.2,78,2.37,75
neiafu,CO,2018-11-11 22:38:16,-0.19,-74.78,76.15,94,2.19,24
neiafu,NZ,2018-11-11 22:38:17,-42.72,170.96,56.62,93,12.03,24
neiafu,ET,2018-11-11 22:37:31,12.98,37.77,64.32,90,2.59,20
neiafu,US,2018-11-11 22:15:00,47.43,-92.94,18.14,82,8.05,40
neiafu,UY,2018-11-11 22:00:00,-34.0,-58.28,73.4,88,3.36,0
neiafu,ES,2018-11-11 22:16:00,42.77,-9.06,42.8,93,5.82,40
neiafu,US,2018-11-11 21:56:00,32.94,-85.95,48.92,100,6.29,75
neiafu,ZA,2018-11-11 22:32:03,-34.42,19.24,65.8,68,2.3,20
neiafu,CA,2018-11-11 22:38:33,52.21,-105.12,9.73,80,6.85,64
neiafu,AU,2018-11-11 21:00:00,-35.36,150.48,73.4,53,17.22,0
neiafu,ES,2018-11-11 22:00:00,43.68,-7.85,46.4,93,6.93,0
neiafu,CA,2018-11-11 21:00:00,55.74,-97.86,1.4,77,9.17,75
neiafu,GY,2018-11-11 21:00:00,6.41,-58.62,73.4,94,1.12,0
neiafu,CD,2018-11-11 22:38:39,-3.32,17.38,70.26,100,5.5,92
neiafu,AU,2018-11-11 22:00:00,-15.77,128.74,104.0,16,8.05,0
neiafu,PG,2018-11-11 22:38:42,-2.02,147.27,83.22,100,1.97,44
neiafu,HU,2018-11-11 22:00:00,47.0,19.92,44.6,87,4.7,20
neiafu,ID,2018-11-11 22:38:45,1.74,98.78,78.27,87,2.71,88
neiafu,CN,2018-11-11 22:38:46,27.79,120.09,61.21,100,2.37,92
neiafu,RU,2018-11-11 22:38:48,45.67,39.64,35.34,71,20.09,92
neiafu,AU,2018-11-11 22:38:50,-34.72,135.86,73.86,60,3.76,92
neiafu,GB,2018-11-11 22:38:53,55.14,-7.45,49.69,94,20.15,76
neiafu,NZ,2018-11-11 22:00:00,-36.82,174.45,62.6,67,12.75,64
neiafu,RU,2018-11-11 22:34:02,50.68,156.12,40.92,97,10.54,64
neiafu,AR,2018-11-11 22:00:00,-34.42,-58.58,73.4,88,3.36,0
neiafu,RU,2018-11-11 22:38:57,65.95,111.51,-15.34,65,4.09,8
neiafu,UA,2018-11-11 22:38:59,50.83,28.95,35.65,86,14.34,92
neiafu,CN,2018-11-11 22:39:00,30.8,108.39,53.74,97,2.59,88
neiafu,AU,2018-11-11 22:00:00,-31.43,152.91,73.4,46,11.41,0
neiafu,AR,2018-11-11 22:00:00,-45.87,-67.48,62.6,59,3.36,0
neiafu,ET,2018-11-11 22:39:11,8.98,37.86,57.7,97,3.27,32
neiafu,FR,2018-11-11 22:00:00,48.38,-4.62,51.8,93,8.05,20
neiafu,US,2018-11-11 22:39:13,37.17,-99.65,29.8,91,18.14,92
neiafu,RU,2018-11-11 22:39:15,55.79,84.89,-0.04,87,14.94,48
neiafu,CA,2018-11-11 22:00:00,63.75,-68.52,1.4,70,14.99,5
neiafu,DZ,2018-11-11 22:00:00,27.87,-0.29,55.4,37,10.29,0
neiafu,CN,2018-11-11 22:39:25,30.13,111.78,59.14,88,7.11,64
neiafu,US,2018-11-11 21:56:00,36.57,-119.61,50.0,61,2.71,90
neiafu,PK,2018-11-11 22:39:35,29.03,66.58,60.94,64,4.05,0
neiafu,MG,2018-11-11 22:39:36,-13.19,49.05,78.94,100,3.87,36
neiafu,IL,2018-11-11 22:20:00,31.67,34.57,68.0,77,4.7,20
neiafu,RU,2018-11-11 22:39:39,66.77,123.37,4.87,78,3.53,64
neiafu,NA,2018-11-11 22:00:00,-22.95,14.51,57.2,93,2.24,0
neiafu,ZA,2018-11-11 22:39:44,-34.0,24.73,68.01,84,12.93,20
neiafu,BR,2018-11-11 22:37:16,-21.64,-41.05,75.79,100,14.12,32
neiafu,BR,2018-11-11 22:39:48,-2.92,-39.92,76.33,91,11.81,88
neiafu,NO,2018-11-11 21:50:00,67.67,12.69,46.4,87,10.29,75
neiafu,RU,2018-11-11 22:39:55,57.31,88.17,1.9,59,12.55,64
neiafu,PH,2018-11-11 22:00:00,17.54,120.52,86.0,66,6.93,20
neiafu,CA,2018-11-11 22:00:00,48.48,-81.33,10.4,85,2.24,90
neiafu,US,2018-11-11 21:53:00,60.79,-161.76,21.02,84,28.86,1
neiafu,TM,2018-11-11 22:40:00,39.2,54.59,46.99,66,19.64,36
neiafu,AO,2018-11-11 22:40:01,-9.66,20.4,71.2,79,3.71,32
neiafu,AU,2018-11-11 22:00:00,-20.31,118.58,89.6,35,19.46,0
neiafu,US,2018-11-11 22:20:00,25.87,-97.51,59.0,93,9.17,90
neiafu,BF,2018-11-11 22:40:05,14.45,-0.24,63.28,65,2.86,0
neiafu,BR,2018-11-11 22:40:06,-9.91,-63.03,73.14,95,2.04,24
neiafu,IN,2018-11-11 22:40:09,11.67,92.75,82.72,100,14.67,76
neiafu,MU,2018-11-11 22:00:00,-20.41,57.7,82.4,65,14.99,40
neiafu,LK,2018-11-11 22:37:11,6.12,81.12,83.62,99,9.91,32
neiafu,CL,2018-11-11 22:00:00,-18.48,-70.32,68.0,72,1.86,90
neiafu,RU,2018-11-11 22:40:13,54.43,31.9,28.9,73,18.59,80
neiafu,US,2018-11-11 21:56:00,40.52,-107.55,19.04,83,3.76,1
neiafu,SA,2018-11-11 22:00:00,26.33,43.97,66.2,93,8.05,75
neiafu,PG,2018-11-11 22:40:17,-6.12,141.3,90.46,59,2.86,0
neiafu,UY,2018-11-11 22:00:00,-34.91,-54.96,69.8,88,11.41,75
neiafu,RU,2018-11-11 22:40:20,62.16,117.65,7.89,67,5.55,68
neiafu,EE,2018-11-11 21:50:00,57.91,26.05,37.4,91,12.75,88
neiafu,AW,2018-11-11 22:00:00,12.52,-70.03,80.6,88,8.05,20
neiafu,US,2018-11-11 21:56:00,36.97,-122.03,51.08,43,4.7,1
neiafu,FO,2018-11-11 21:50:00,62.16,-7.17,42.8,87,1.12,68
neiafu,ZA,2018-11-11 22:00:00,-33.02,27.91,73.4,73,17.22,20
neiafu,GB,2018-11-11 21:50:00,60.4,-1.35,48.2,87,11.41,64
neiafu,CA,2018-11-11 22:00:00,44.08,-80.2,33.8,81,5.82,90
neiafu,CM,2018-11-11 22:40:33,6.47,12.63,75.43,58,2.53,92
neiafu,IN,2018-11-11 22:40:34,25.52,90.21,79.17,69,3.71,0
neiafu,SB,2018-11-11 22:00:00,-9.43,159.96,84.2,79,4.7,90
neiafu,ID,2018-11-11 22:36:09,-7.95,110.28,80.11,100,5.21,32
neiafu,MG,2018-11-11 22:40:38,-14.88,47.99,86.01,68,4.72,0
neiafu,CA,2018-11-11 22:40:41,54.72,-113.29,1.59,57,5.61,12
neiafu,PG,2018-11-11 22:39:11,-8.88,147.74,71.2,89,2.26,64
neiafu,PH,2018-11-11 22:40:44,13.56,123.37,79.89,99,5.39,76
neiafu,ML,2018-11-11 22:40:46,20.2,1.01,50.77,37,3.04,12
neiafu,US,2018-11-11 21:58:00,34.11,-118.17,66.92,35,2.71,1
neiafu,CA,2018-11-11 22:00:00,54.15,-113.85,15.8,85,6.93,1
neiafu,SA,2018-11-11 21:00:00,18.39,42.45,64.4,67,3.87,0
neiafu,IE,2018-11-11 22:00:00,53.8,-9.52,44.6,100,13.87,75
neiafu,VU,2018-11-11 22:40:58,-19.55,169.27,74.35,100,21.83,92
neiafu,US,2018-11-11 22:26:00,45.84,-119.29,33.08,84,6.93,90
neiafu,BR,2018-11-11 22:40:12,-10.65,-68.5,76.02,92,2.04,0
neiafu,AR,2018-11-11 22:00:00,-33.01,-68.8,60.8,72,6.93,90
neiafu,RU,2018-11-11 22:41:10,69.3,139.9,-3.19,60,6.73,32
neiafu,NZ,2018-11-11 22:38:45,-45.87,170.5,52.26,96,3.31,80
neiafu,AR,2018-11-11 22:41:14,-40.81,-62.99,54.24,99,13.56,92
neiafu,BB,2018-11-11 22:00:00,13.22,-59.52,80.6,83,11.41,20
neiafu,US,2018-11-11 21:58:00,34.88,-76.9,51.08,82,8.05,40
neiafu,US,2018-11-11 22:20:00,35.93,-89.92,44.6,65,2.86,90
neiafu,KZ,2018-11-11 22:00:00,41.35,68.95,42.8,81,4.7,92
neiafu,MR,2018-11-11 22:00:00,20.93,-17.03,62.6,88,14.99,0
neiafu,BR,2018-11-11 22:41:21,-6.66,-69.87,76.96,94,1.07,12
neiafu,CF,2018-11-11 22:41:22,8.07,22.4,68.5,74,7.0,0
neiafu,RU,2018-11-11 22:37:20,65.85,44.24,34.62,86,9.08,92
neiafu,NO,2018-11-11 21:50:00,63.83,10.7,50.0,70,12.75,75
neiafu,KZ,2018-11-11 22:41:29,48.57,83.65,4.51,100,11.77,0
neiafu,RU,2018-11-11 22:41:31,69.49,88.39,-8.63,64,10.87,20
neiafu,GB,2018-11-11 22:06:00,52.47,1.45,51.8,93,8.05,20
neiafu,CA,2018-11-11 22:41:34,54.13,-108.44,-2.24,69,3.53,12
neiafu,NE,2018-11-11 22:41:35,13.64,4.03,64.0,37,7.0,0
neiafu,CA,2018-11-11 22:41:38,66.15,-65.72,7.57,98,9.75,0
neiafu,ES,2018-11-11 22:00:00,38.06,-1.05,50.0,100,3.36,20
neiafu,BO,2018-11-11 22:00:00,-16.5,-68.19,41.0,80,2.24,44
neiafu,FR,2018-11-11 22:00:00,44.83,-0.61,51.8,100,3.36,90
neiafu,RU,2018-11-11 22:00:00,44.02,43.07,30.2,100,17.9,90
neiafu,NZ,2018-11-11 22:41:45,-38.66,178.02,58.42,71,11.32,0
neiafu,ZM,2018-11-11 22:41:47,-14.68,28.09,71.2,37,13.82,0
neiafu,SA,2018-11-11 22:41:50,25.02,37.27,72.46,95,6.29,0
neiafu,TH,2018-11-11 22:00:00,11.21,99.51,86.0,79,8.05,40
neiafu,PH,2018-11-11 22:41:53,12.45,125.29,83.53,96,16.4,32
neiafu,RU,2018-11-11 22:41:54,52.25,79.17,7.12,86,7.56,24
neiafu,RU,2018-11-11 22:41:58,60.35,102.28,-9.22,66,6.62,0
neiafu,MG,2018-11-11 22:41:59,-14.27,50.17,76.96,100,14.45,92
neiafu,BR,2018-11-11 22:42:00,-11.94,-38.08,77.77,87,8.08,92
neiafu,IS,2018-11-11 22:00:00,63.84,-22.43,39.2,100,8.05,90
neiafu,GL,2018-11-11 22:42:03,66.94,-53.67,-10.84,100,1.36,12
neiafu,VN,2018-11-11 22:42:05,10.93,108.1,85.02,85,8.34,0
neiafu,CA,2018-11-11 22:00:00,70.47,-68.59,-11.21,83,5.82,1
neiafu,RU,2018-11-11 22:39:58,44.5,38.13,41.91,100,9.53,0
neiafu,TD,2018-11-11 22:42:10,11.04,20.28,70.17,47,3.49,0
neiafu,CI,2018-11-11 22:42:11,4.95,-6.09,81.64,100,6.11,20
neiafu,SA,2018-11-11 22:40:35,21.43,39.83,78.58,38,4.38,0
neiafu,AU,2018-11-11 22:42:15,-25.3,152.85,75.34,85,17.18,0
neiafu,GE,2018-11-11 22:30:00,41.96,42.96,53.6,81,4.7,0
neiafu,CA,2018-11-11 22:42:17,54.77,-101.88,9.46,100,7.56,0
neiafu,US,2018-11-11 21:57:00,21.32,-158.01,75.92,68,4.7,20
neiafu,GW,2018-11-11 22:00:00,11.28,-15.83,77.0,94,3.36,0
neiafu,SO,2018-11-11 22:42:20,2.04,45.34,80.38,100,5.88,20
neiafu,CA,2018-11-11 22:00:00,60.82,-115.79,14.0,78,11.41,40
neiafu,GA,2018-11-11 22:42:26,-1.57,9.26,77.68,100,4.27,88
neiafu,MN,2018-11-11 22:42:27,49.98,92.07,16.48,70,2.37,76
neiafu,RU,2018-11-11 22:40:40,51.36,80.19,4.69,79,4.83,0
neiafu,AU,2018-11-11 22:42:30,-28.95,153.24,71.52,62,7.78,0
neiafu,RU,2018-11-11 22:42:32,65.58,-170.99,31.29,100,33.69,44
neiafu,RU,2018-11-11 22:39:40,51.29,81.11,2.67,85,5.73,44
neiafu,VE,2018-11-11 22:42:35,10.49,-68.2,71.2,97,2.86,88
neiafu,TR,2018-11-11 21:50:00,36.95,36.2,60.8,100,3.27,90
neiafu,ET,2018-11-11 22:42:38,5.79,36.57,70.71,84,2.19,8
neiafu,UG,2018-11-11 22:42:40,1.91,33.96,71.07,95,4.32,0
neiafu,MX,2018-11-11 21:44:00,22.89,-109.91,73.4,88,5.82,75
neiafu,GL,2018-11-11 22:42:42,61.99,-49.67,32.91,100,10.76,0
neiafu,UZ,2018-11-11 22:00:00,40.6,70.96,48.2,66,2.86,64
neiafu,AO,2018-11-11 22:42:45,-12.58,13.4,78.31,96,1.07,0
neiafu,IS,2018-11-11 22:42:46,64.25,-15.21,42.49,100,8.9,92
neiafu,ID,2018-11-11 22:42:49,-0.9,119.87,74.71,82,1.59,68
neiafu,NO,2018-11-11 21:50:00,63.73,8.83,50.0,71,13.87,0
neiafu,US,2018-11-11 21:53:00,43.71,-98.03,23.0,77,8.05,90
neiafu,ZM,2018-11-11 22:00:00,-12.18,26.4,73.4,69,3.36,0
neiafu,AT,2018-11-11 21:55:00,47.3,11.07,41.0,86,8.05,20
neiafu,NO,2018-11-11 21:50:00,59.05,10.04,50.0,93,19.46,75
neiafu,JP,2018-11-11 22:00:00,34.35,131.14,59.0,87,3.36,75
neiafu,FR,2018-11-11 22:00:00,45.6,-0.6,53.6,100,4.7,90
neiafu,PG,2018-11-11 22:43:03,-7.96,145.78,86.32,59,4.38,0
neiafu,NA,2018-11-11 22:43:04,-22.12,14.28,61.66,96,2.86,0
neiafu,IN,2018-11-11 22:43:05,17.62,80.02,86.05,49,8.75,0
neiafu,CN,2018-11-11 22:43:06,35.03,111.0,55.27,72,3.38,0
neiafu,RU,2018-11-11 22:43:09,63.46,48.9,23.37,77,8.23,88
neiafu,RU,2018-11-11 22:43:10,60.4,57.08,16.75,71,12.66,76
neiafu,RU,2018-11-11 22:43:12,59.24,163.07,29.04,98,13.38,88
neiafu,FR,2018-11-11 22:00:00,46.04,4.03,64.4,59,13.87,0
neiafu,BR,2018-11-11 22:43:18,-11.68,-61.19,74.17,94,2.04,20
neiafu,RU,2018-11-11 22:43:19,49.99,88.66,9.1,43,7.9,48
neiafu,AR,2018-11-11 22:43:21,-43.3,-65.11,52.71,89,8.3,92
neiafu,NO,2018-11-11 21:50:00,59.79,5.78,50.0,100,9.17,75
neiafu,US,2018-11-11 22:35:00,33.83,-87.28,50.0,100,3.98,92
neiafu,AR,2018-11-11 22:43:25,-43.25,-65.31,52.71,89,8.3,92
neiafu,GR,2018-11-11 21:50:00,39.1,22.35,48.2,87,8.05,40
neiafu,US,2018-11-11 22:15:00,38.26,-76.45,32.0,100,2.04,1
neiafu,CN,2018-11-11 22:43:32,31.78,104.73,57.61,75,4.05,76
neiafu,KZ,2018-11-11 22:39:28,47.47,84.87,-0.22,78,4.27,80
neiafu,PH,2018-11-11 22:43:36,13.32,122.68,81.96,100,17.18,76
neiafu,HN,2018-11-11 22:43:37,16.45,-85.85,81.87,99,7.4,80
neiafu,KZ,2018-11-11 22:43:39,52.55,62.49,15.09,77,12.77,0
neiafu,MG,2018-11-11 22:43:40,-19.53,45.46,83.22,51,3.98,0
neiafu,AU,2018-11-11 22:43:42,-38.38,142.48,72.82,60,10.09,68
neiafu,CA,2018-11-11 22:22:00,49.78,-74.86,6.8,84,4.7,75
neiafu,ZA,2018-11-11 22:43:47,-27.46,23.43,75.7,18,8.3,0
neiafu,CI,2018-11-11 22:43:48,6.74,-7.35,71.65,98,3.2,48
neiafu,EC,2018-11-11 22:43:50,-3.83,-78.76,63.69,93,2.04,68
neiafu,JP,2018-11-11 22:00:00,42.32,140.98,48.2,70,6.93,75
neiafu,AU,2018-11-11 22:00:00,-23.13,150.74,82.4,39,13.87,0
neiafu,SB,2018-11-11 22:43:54,-8.15,159.59,82.36,93,8.79,76
neiafu,LY,2018-11-11 22:43:58,29.16,16.14,45.51,82,3.2,0
neiafu,US,2018-11-11 22:15:00,40.53,-112.3,32.0,59,10.29,75
neiafu,BR,2018-11-11 22:44:01,-10.08,-38.34,71.74,84,10.76,68
neiafu,BR,2018-11-11 22:00:00,-8.75,-63.87,77.0,94,2.26,0
neiafu,US,2018-11-11 22:18:00,64.84,-147.72,24.08,100,3.36,90
neiafu,AU,2018-11-11 22:00:00,-32.25,115.77,75.2,60,16.11,90
neiafu,CL,2018-11-11 22:44:07,-25.41,-70.49,49.69,100,2.48,44
neiafu,LK,2018-11-11 22:44:09,5.97,80.42,84.16,84,16.58,24
neiafu,IQ,2018-11-11 22:00:00,33.3,44.38,60.8,87,4.7,80
neiafu,NO,2018-11-11 21:50:00,58.61,5.65,50.0,87,12.75,75
neiafu,ES,2018-11-11 22:00:00,38.18,-1.13,50.0,100,3.36,20
neiafu,CN,2018-11-11 22:44:14,37.43,118.67,58.29,59,4.5,0
neiafu,PY,2018-11-11 22:00:00,-27.37,-55.89,75.2,73,3.36,0
neiafu,PT,2018-11-11 22:44:16,41.42,-6.55,41.41,100,3.6,80
neiafu,CN,2018-11-11 22:44:18,39.73,98.49,41.59,59,3.38,0
neiafu,CA,2018-11-11 22:00:00,50.03,-66.88,24.8,73,9.17,90
neiafu,ID,2018-11-11 22:44:23,-7.38,108.21,73.27,100,1.86,68
neiafu,ID,2018-11-11 22:44:24,-0.91,122.88,89.79,64,4.61,20
neiafu,IN,2018-11-11 22:44:27,34.16,77.58,8.52,87,1.52,80
neiafu,RU,2018-11-11 22:44:30,59.36,143.24,13.96,100,5.99,68
neiafu,MX,2018-11-11 21:47:00,16.86,-99.88,78.8,88,5.21,40
neiafu,RU,2018-11-11 22:44:34,59.63,112.75,7.12,68,4.32,76
neiafu,MM,2018-11-11 22:44:36,16.78,94.73,85.24,86,6.29,68
neiafu,JM,2018-11-11 22:00:00,18.0,-76.95,80.6,69,1.12,20
neiafu,ID,2018-11-11 22:44:39,5.56,95.32,85.33,83,1.36,0
neiafu,NC,2018-11-11 22:44:43,-21.57,165.5,75.7,72,3.31,100
neiafu,TW,2018-11-11 22:30:00,22.54,120.62,84.2,62,8.05,75
neiafu,PK,2018-11-11 22:44:47,35.92,74.31,25.21,92,1.52,92
neiafu,PG,2018-11-11 22:44:48,-6.22,155.63,83.76,90,6.89,20
neiafu,MN,2018-11-11 22:44:51,45.76,106.27,37.18,67,6.33,0
neiafu,CM,2018-11-11 22:44:52,6.75,11.81,68.46,58,4.5,44
neiafu,MG,2018-11-11 22:44:54,-25.18,46.09,70.48,100,16.4,76
neiafu,NO,2018-11-11 21:50:00,70.03,20.97,41.0,80,4.7,40
neiafu,GH,2018-11-11 22:42:52,4.87,-2.24,81.24,100,6.55,0
neiafu,BR,2018-11-11 22:45:00,-9.01,-35.22,76.02,93,5.61,92
neiafu,SO,2018-11-11 22:45:01,9.56,44.06,67.47,83,4.27,80
neiafu,KZ,2018-11-11 22:45:04,43.91,67.25,25.57,77,19.19,0
neiafu,CA,2018-11-11 22:00:00,58.52,-117.13,10.4,85,4.7,90
neiafu,NO,2018-11-11 21:50:00,62.91,6.91,50.0,87,5.82,75
neiafu,CG,2018-11-11 22:45:09,-2.95,12.72,73.36,98,2.82,92
neiafu,MN,2018-11-11 22:45:12,49.03,104.04,40.92,37,5.06,56
neiafu,NC,2018-11-11 22:45:15,-20.34,164.44,78.04,74,5.55,76
neiafu,RU,2018-11-11 22:45:16,62.65,135.58,6.27,80,2.53,0
neiafu,GH,2018-11-11 22:00:00,5.97,-0.09,78.8,88,5.82,0
neiafu,BE,2018-11-11 21:55:00,50.34,4.87,50.0,100,4.7,75
neiafu,GB,2018-11-11 21:50:00,53.12,-2.65,48.2,93,10.29,20
neiafu,PG,2018-11-11 22:45:27,-6.21,149.55,82.99,75,6.29,44
neiafu,ZA,2018-11-11 21:46:00,-29.67,17.88,77.0,16,4.7,0
neiafu,SN,2018-11-11 22:00:00,12.89,-14.94,66.2,100,2.75,0
neiafu,RU,2018-11-11 22:45:37,57.8,158.67,16.57,77,8.63,48
neiafu,RU,2018-11-11 22:45:37,42.9,133.91,38.98,50,3.31,0
neiafu,RU,2018-11-11 22:45:39,53.27,45.7,12.57,74,4.54,0
neiafu,AU,2018-11-11 22:45:40,-35.34,143.56,85.15,30,7.74,92
neiafu,RU,2018-11-11 22:00:00,64.54,40.54,30.2,80,8.95,40
neiafu,CY,2018-11-11 22:00:00,34.81,32.42,64.4,59,11.41,20
neiafu,AR,2018-11-11 22:45:44,-27.8,-64.26,71.92,100,8.52,92
neiafu,TR,2018-11-11 21:50:00,38.14,41.01,46.4,100,1.12,88
neiafu,MG,2018-11-11 22:45:48,-16.8,47.65,86.37,49,6.06,0
neiafu,GB,2018-11-11 21:50:00,53.39,-2.59,48.2,87,11.41,75
neiafu,UA,2018-11-11 22:45:51,50.74,33.7,25.84,70,15.28,24
neiafu,IN,2018-11-11 22:45:52,27.93,96.16,67.51,46,1.81,24
neiafu,BR,2018-11-11 22:45:58,-8.9,-35.15,76.02,93,5.61,92
neiafu,NO,2018-11-11 21:50:00,69.65,18.96,41.0,86,16.11,75
neiafu,JP,2018-11-11 22:05:00,34.7,138.93,69.8,82,3.36,75
neiafu,CN,2018-11-11 22:46:03,42.27,118.96,47.17,59,3.27,0
neiafu,ID,2018-11-11 22:46:04,-0.92,100.36,83.22,100,5.21,12
neiafu,ID,2018-11-11 22:46:06,4.14,96.13,84.84,97,6.89,24
neiafu,BR,2018-11-11 22:00:00,-10.92,-37.08,78.8,74,11.41,20
neiafu,CY,2018-11-11 22:00:00,34.92,32.53,64.4,59,11.41,20
neiafu,IN,2018-11-11 22:46:10,22.03,88.06,85.06,65,5.84,0
neiafu,US,2018-11-11 22:18:00,64.86,-147.8,24.08,100,3.36,90
neiafu,ZA,2018-11-11 23:00:00,-34.05,23.37,73.4,35,8.05,0
neiafu,JP,2018-11-11 22:00:00,35.03,136.69,66.2,55,4.7,75
neiafu,TO,2018-11-11 22:00:00,-18.65,-173.98,77.0,94,13.67,75
